分词,词频
创新,835
科技,800
发展,687
技术,258
建设,245
经济,243
国家,215
推动,199
加快,197
我国,191
加强,188
产业,186
我们,172
合作,164
科学,163
中国,152
领域,151
人才,151
世界,149
战略,141
企业,131
研究,129
国际,129
自主,127
数字,126
重要,125
基础,121
实现,116
体系,116
社会,114
关键,114
推进,113
农业,113
重大,112
坚持,111
全球,111
发挥,97
人类,97
提高,96
优势,92
突破,88
核心技术,88
资源,87
提升,87
促进,87
问题,86
作用,84
人工智能,84
融合,80
工作者,79
人民,79
形成,77
工作,76
能力,72
不断,72
变革,70
应用,69
科学技术,68
支持,68
广大,68
成为,66
积极,64
支撑,64
成果,64
创新能力,64
具有,64
科学家,63
水平,63
全面,63
必须,62
方面,61
增强,61
需要,60
精神,60
改革,60
研发,59
努力,59
取得,58
创造,58
服务,57
加大,57
一批,57
革命,56
组织,56
安全,56
各国,55
现代化,54
机制,54
更加,54
构建,53
希望,53
培育,53
科研,52
环境,52
强国,52
力量,52
现代,51
完善,51
引领,50
先进,50
重点,49
转化,49
驱动,48
提供,48
探索,48
开放,48
制度,48
经济社会,47
生产,47
开展,47
要素,46
投入,46
创新型,46
贡献,45
海洋,45
实施,45
鼓励,44
需求,44
深化,44
市场,44
力度,44
深度,43
持续,43
强化,43
新一轮,42
培养,42
优化,42
院士,41
攻关,41
动力,41
共同,41
作为,41
量子,40
第一,40
生活,40
数据,40
交流,40
一个,40
管理,39
打造,39
建立,39
健康,39
保障,39
解决,38
绿色,38
继续,38
活力,38
政府,38
导向,38
转变,37
机遇,37
方式,37
作出,37
进一步,36
社会主义,36
方向,36
当前,36
大力,36
依靠,36
互联网,36
科技成果,35
疫情,35
激发,35
把握,35
技术创新,35
区块,35
前沿,35
高质量,34
未来,34
更好,34
智慧,34
时代,34
工程,34
增长,34
动能,34
领导,33
自立自强,33
科普,33
掌握,33
围绕,33
协同,33
产业链,33
主体,33
高水平,32
能源,32
着力,32
活动,32
治理,32
政策,32
全国,32
项目,31
自己,31
科技进步,31
知识产权,31
提出,31
挑战,31
抓住,31
产品,31
中心,31
进入,30
评价,30
规律,30
竞争,30
知识,30
开发,30
加速,30
制造,30
面向,29
特别,29
模式,29
信息技术,29
保护,29
这个,28
素质,28
生物,28
教育,28
弘扬,28
同时,28
面临,27
进步,27
要求,27
科技人才,27
目标,27
格局,27
材料,27
布局,27
利用,27
充分,27
运用,26
突出,26
正在,26
新型,26
战略性,26
引导,26
带动,26
基础设施,26
任务,26
以来,26
竞争力,25
生产力,25
浙江,25
平台,25
带来,25
就是,25
学习,25
历史,25
制造业,25
高效,24
高技术,24
装备,24
航天,24
科协,24
深刻,24
有效,24
充分发挥,24
体制,24
一流,24
高度重视,23
适应,23
科技领域,23
当今世界,23
应该,23
工业,23
实践,23
产学研,23
中华民族,23
通过,22
统筹,22
理念,22
智能,22
改善,22
低碳,22
主要,22
领军,21
深入,21
核心,21
有力,21
智能化,21
方法,21
新冠,21
数字化,21
成功,21
实力,21
国内,21
供给,21
肺炎,20
网络,20
结合,20
生命,20
理论,20
特色,20
民族,20
条件,20
更大,20
时期,20
成长,20
团队,20
命运,20
共享,20
信息化,20
产业化,20
高端,19
高新技术,19
青年,19
计划,19
科研人员,19
生态,19
民生,19
新一代,19
城市,19
参与,19
全民,19
信息,19
伟大,19
配置,18
质量,18
认识,18
落实,18
疫苗,18
有利于,18
文化,18
改造,18
我省,18
应对,18
实验室,18
实体,18
学科,18
区域,18
制高点,18
关键技术,18
传统,18
高峰,17
营造,17
系统,17
科技界,17
牢牢,17
新兴产业,17
影响,17
尊重,17
学术,17
品牌,17
各类,17
原创,17
党中央,17
人才培养,17
高校,16
集聚,16
集成,16
防控,16
能够,16
聚焦,16
结构,16
空间,16
科技前沿,16
社区,16
现实,16
显著,16
改变,16
推广,16
强大,16
大学,16
大力发展,16
复兴,16
发现,16
他们,16
业态,16
一大批,16
香港,15
阶段,15
长期,15
重视,15
造福,15
造就,15
跨越,15
起来,15
视野,15
范围,15
群众,15
综合,15
科技事业,15
成就,15
思想,15
大会,15
基地,15
可控,15
卡脖子,15
升级,15
制定,15
决策,15
位置,15
传统产业,15
事业,15
主动,15
一切,15
青少年,14
金融,14
这样,14
融入,14
稳定,14
科研院所,14
祖国,14
潜力,14
没有,14
根本,14
新能源,14
整合,14
整体,14
效率,14
抢占,14
投资,14
才能,14
建成,14
已经,14
地区,14
各级党委,14
只有,14
变化,14
原始,14
协调,14
医疗,14
包括,14
前列,14
你们,14
一些,14
风险,13
集中力量,13
长远,13
规划,13
药物,13
节约,13
良好,13
自身,13
科技体制,13
科技人员,13
福祉,13
短板,13
瞄准,13
瓶颈,13
深刻影响,13
注重,13
气候变化,13
探测,13
意识,13
循环,13
广泛,13
宇宙,13
天文学,13
地位,13
可以,13
发生,13
勇气,13
努力实现,13
切实,13
军民,13
军事,13
共同体,13
全局,13
保持,13
人才队伍,13
举措,13
主动权,13
一定,13
集群,12
道路,12
转型,12
谋划,12
设备,12
积极性,12
省份,12
树立,12
文明,12
放在,12
按照,12
拥有,12
拓展,12
愿同,12
很多,12
引进,12
大势,12
创造性,12
创业,12
供应链,12
使命,12
代表,12
之间,12
主题,12
落后,11
结构性,11
科技攻关,11
科技交流,11
确保,11
相关,11
最大,11
日益,11
我军,11
征程,11
开辟,11
局面,11
实际,11
增进,11
国防科技,11
制约,11
关心,11
共性,11
健全,11
做好,11
使用,11
作出贡献,11
不能,11
一道,11
一次,11
一体化,11
颠覆性,10
重大突破,10
部署,10
通信,10
路径,10
责任,10
设计,10
精准,10
积累,10
科研机构,10
科学研究,10
研究型,10
相结合,10
百年,10
现代农业,10
消费,10
服务业,10
有序,10
普及,10
明确,10
敢于,10
效能,10
政治,10
攻克,10
抓好,10
手段,10
成立,10
意义,10
快速,10
得到,10
影响力,10
强调,10
基础性,10
协作,10
勇攀,10
利益,10
凝聚,10
其他,10
关系,10
公平,10
产业革命,10
中方,10
中国科学院,10
5G,10
高地,9
释放,9
追求,9
这些,9
趋势,9
资源配置,9
资本,9
行动,9
自信,9
联合,9
结构调整,9
经费,9
第二,9
立足,9
矛盾,9
真正,9
激励,9
清洁,9
深海,9
深入开展,9
梦想,9
机场,9
时间,9
日新月异,9
改革开放,9
携手,9
推广应用,9
挖掘,9
扩大,9
打通,9
手中,9
情况,9
干部,9
就业,9
大胆,9
增长点,9
增加,9
吸引,9
合理,9
各级,9
变为,9
历史性,9
十分,9
劳动者,9
共识,9
伦理,9
传播,9
今天,9
人们,9
产生,9
举国体制,9
中央,9
世纪,9
顶尖,8
面向世界,8
重器,8
进行,8
进展,8
这次,8
这是,8
运行,8
过去,8
路线,8
赢得,8
贯彻,8
论坛,8
计算,8
蓬勃发展,8
自觉,8
育种,8
美国,8
经历,8
科学知识,8
种子,8
破解,8
看到,8
独特,8
潜能,8
流动,8
比较,8
核能,8
标准,8
机构,8
新兴,8
文化素质,8
攻坚克难,8
探月,8
思考,8
形势,8
强烈,8
开启,8
巨大,8
实行,8
奋斗目标,8
奋斗,8
夯实,8
天文,8
国有企业,8
团结,8
各种,8
可能,8
原创性,8
卓越,8
十九,8
勇攀高峰,8
勇于,8
出口,8
农产品,8
兴起,8
全球化,8
党和国家,8
先机,8
做法,8
借鉴,8
保证,8
体制改革,8
价值,8
从来,8
交叉,8
主力军,8
为主,8
两院,8
不是,8
一项,8
一支,8
高等院校,7
首次,7
配套,7
部门,7
近年来,7
迈向,7
达到,7
载人,7
转移,7
转换,7
超前,7
走进,7
认知,7
规模,7
行业,7
蓬勃,7
节能,7
节水,7
肩负起,7
美好生活,7
网络化,7
经验,7
经营,7
繁荣,7
突破口,7
科学普及,7
科协工作,7
确定,7
研判,7
监管,7
生态环境,7
生产方式,7
现在,7
特点,7
物质,7
激烈,7
源泉,7
深厚,7
注入,7
法律,7
水资源,7
检测,7
标志,7
期间,7
攻坚,7
攀登,7
担当,7
打破,7
开始,7
建立健全,7
差距,7
工业化,7
对接,7
完整,7
孕育,7
始终,7
奥秘,7
奠定,7
多年,7
处在,7
塑造,7
基点,7
基本,7
坚强,7
坚定不移,7
坚定,7
坚决,7
国外,7
因素,7
发扬,7
发射,7
勇于创新,7
劳动,7
功能,7
前途,7
前瞻,7
出发,7
全球性,7
催生,7
做强,7
做到,7
信心,7
作战,7
体现,7
以及,7
今年,7
交通,7
事关,7
主体作用,7
中小企业,7
中国科协,7
严谨,7
严格,7
东西,7
不懈,7
不少,7
上来,7
一号,7
顶层,6
降低,6
遵循,6
道德,6
选择,6
进军,6
践行,6
越来越,6
走出,6
赋予,6
资金,6
财富,6
贡献率,6
调研,6
许多,6
规则,6
行动计划,6
芯片,6
致力于,6
自力更生,6
联网,6
职能,6
而是,6
综合国力,6
继承,6
紧迫感,6
精力,6
粮食安全,6
筛选,6
竞相,6
程度,6
移动,6
积极参与,6
社会化,6
研制,6
相互促进,6
病毒,6
生物医药,6
现有,6
牵头,6
激励机制,6
满足,6
源头,6
深化改革,6
涌现,6
治疗,6
汽车,6
步伐,6
标准化,6
最高,6
替代,6
更要,6
新旧,6
效益,6
手里,6
成本,6
思维,6
强省,6
引擎,6
开拓创新,6
广度,6
年来,6
尊重人才,6
对外开放,6
完成,6
契机,6
大量,6
大事,6
多次,6
复杂,6
坚实,6
块状,6
地球,6
地方,6
在内,6
国内外,6
和平,6
合力,6
发力,6
及时,6
卫星,6
包容,6
加深,6
办好,6
前沿性,6
前所未有,6
分享,6
出来,6
减排,6
农村,6
典范,6
关键环节,6
公正,6
全面实施,6
全人类,6
储备,6
倡议,6
依托,6
体育,6
伙伴关系,6
优良传统,6
优良,6
任何,6
价值链,6
以上,6
人类文明,6
举办,6
主攻,6
主战场,6
中国工程院,6
两弹一星,6
两国,6
东盟,6
世界级,6
专业,6
不够,6
不仅,6
一种,6
一代,6
2011,6
10,6
鸿沟,5
高速,5
高层次,5
首先,5
飞跃,5
风气,5
风尚,5
领跑,5
非歧视,5
集成电路,5
难题,5
障碍,5
随着,5
防治,5
长期以来,5
长三角,5
重组,5
重大贡献,5
重塑,5
造福人类,5
逐步,5
迫切需要,5
进程,5
进口,5
这种,5
这方面,5
还有,5
迎难而上,5
过程,5
迅速,5
责任感,5
财政,5
调整,5
课题,5
设立,5
设施,5
论文,5
节约资源,5
航空,5
自主权,5
胜利,5
联系,5
职业,5
网信,5
维护,5
给予,5
结构合理,5
组建,5
纲要,5
约束,5
紧密,5
策源地,5
第二个,5
空间站,5
积极探索,5
科研单位,5
科学决策,5
种业,5
秉持,5
离不开,5
示范,5
破除,5
目前,5
用水,5
生态农业,5
生命科学,5
生动,5
甚至,5
爱国,5
潮流,5
潜心研究,5
涉及,5
消除,5
活跃,5
油气,5
比重,5
比如,5
核电,5
核工业,5
构筑,5
机遇期,5
本领,5
未知,5
未有,5
有益,5
有机,5
智力,5
星际,5
方案,5
方兴未艾,5
救治,5
效应,5
攻坚战,5
推出,5
探讨,5
探究,5
拿出,5
抗疫,5
抓紧,5
抓手,5
承担,5
打赢,5
意见,5
惠及,5
情怀,5
必由之路,5
很大,5
应急,5
平衡,5
工业革命,5
崇尚,5
展示,5
尽快,5
就要,5
小康社会,5
封锁,5
对外,5
存在,5
如果,5
太空,5
天体,5
大规模,5
大庆油田,5
大幅,5
大变局,5
多项,5
多少,5
多出,5
多个,5
处于,5
基金,5
基础学科,5
国际竞争,5
嘉宾,5
哪里,5
品牌战略,5
和谐,5
和平利用,5
吸收,5
各位,5
召开,5
发展趋势,5
反映,5
双方,5
及其,5
占据,5
十八,5
北京,5
化学,5
勇于探索,5
办法,5
前瞻性,5
准确,5
冲击,5
农民,5
再接再厉,5
具备,5
关键性,5
关注,5
共建,5
共创,5
公众,5
全方位,5
党和政府,5
依赖,5
体系化,5
优秀,5
优势产业,5
优先,5
人口,5
产业结构,5
五号,5
二是,5
乃至,5
为本,5
丰富,5
中东欧,5
世界领先,5
不足,5
一条,5
一是,5
2030,5
高素质,4
高标准,4
高度,4
飞机,4
顺应,4
面对,4
集合,4
限度,4
阿拉伯,4
队伍,4
重大成就,4
重任,4
采用,4
遇到,4
速度,4
通道,4
途径,4
适用,4
适合,4
远程,4
这一,4
还要,4
还是,4
运营,4
运动,4
迈进,4
迈出,4
载体,4
软件,4
跨界,4
超导,4
走上,4
赋能,4
调查,4
调动,4
读书,4
试验,4
议程,4
解决方案,4
规范,4
规模化,4
观念,4
表率,4
补齐,4
衔接,4
蕴藏,4
落脚点,4
获得,4
药品,4
英雄,4
英国,4
若干个,4
良种,4
航天事业,4
舞台,4
自然科学,4
脑科学,4
胸怀祖国,4
职工队伍,4
耕地,4
综合性,4
统一,4
经贸合作,4
纽带,4
紧扣,4
粮食,4
符合,4
科研活动,4
科普活动,4
种源,4
社会各界,4
示范区,4
着眼,4
相比,4
直接,4
目的,4
疫病,4
畅通,4
电子商务,4
电力,4
生产率,4
环保,4
率先,4
狠抓,4
特征,4
牵引,4
物理,4
热情,4
火星,4
演化,4
渠道,4
深远,4
深地,4
涌流,4
海南,4
浩瀚,4
流向,4
沟通,4
污染,4
汇聚,4
求真务实,4
永远,4
氛围,4
民营,4
每个,4
武器,4
正确,4
桥梁,4
标志性,4
本质,4
望远镜,4
服务体系,4
有所,4
有待,4
有利条件,4
更为,4
明显,4
时候,4
新机遇,4
新形势下,4
敢为人先,4
摆在,4
接续,4
排放,4
指导,4
拉动,4
抢抓,4
抗击,4
投身,4
技术水平,4
技术改造,4
扩大内需,4
所有,4
战略重点,4
战略目标,4
成效,4
思路,4
态度,4
态势,4
必要,4
必然,4
必将,4
很强,4
强有力,4
强劲,4
建造,4
建议,4
延伸,4
广泛应用,4
市场经济,4
工程技术,4
履行,4
封闭,4
导致,4
对华,4
密集,4
密切,4
宣传,4
实际行动,4
宝贵,4
学术交流,4
嫦娥,4
好奇心,4
奋力,4
天然气,4
大批,4
大幅度提高,4
大家,4
大型,4
大国,4
大兴,4
多种形式,4
复苏,4
复工,4
复产,4
壁垒,4
基础科学,4
基础理论,4
培训,4
地为,4
地上,4
圆满成功,4
国际标准,4
周年,4
吸引力,4
向往,4
向善,4
各自,4
发达国家,4
发射场,4
十国集团,4
医疗器械,4
勘探,4
勇挑重担,4
助力,4
力争,4
前进,4
初心,4
出路,4
出发点,4
凸显,4
准备,4
决定性,4
决定,4
内涵,4
内地,4
其中,4
兴海,4
关于,4
公里,4
公开,4
公共服务,4
公共安全,4
全过程,4
党和人民,4
党史,4
光荣,4
先发,4
信息产业,4
保护主义,4
依法,4
企业家,4
从量,4
仍然,4
今后,4
亿元,4
人文,4
人力资源,4
亚太地区,4
亚太,4
互惠,4
事情,4
之一,4
久久,4
主导,4
为功,4
临床,4
中南,4
中关村,4
严峻,4
专项,4
专注,4
专利,4
不同,4
三是,4
一茬,4
一线,4
一系列,4
一直,4
一步,4
一样,4
一大,4
500,4
20,4
龙头企业,3
骄傲,3
顺利,3
革命性,3
非常,3
集中,3
陷入,3
限制,3
附加值,3
防灾,3
长板,3
长效机制,3
长征,3
锻造,3
重要性,3
重构,3
里程碑,3
那么,3
遏制,3
透明,3
适用技术,3
追赶,3
追求真理,3
迭代,3
连接,3
这里,3
这些年来,3
近代,3
迅猛发展,3
辉煌,3
较强,3
转向,3
轨道交通,3
轨道,3
路线图,3
跨越式,3
超过,3
超级计算机,3
超大规模,3
起点,3
起源,3
资源节约型,3
资源优势,3
贸易,3
调配,3
调控,3
识别,3
评估,3
认真总结,3
认真,3
解放思想,3
解放,3
规模宏大,3
观测,3
观察,3
表明,3
行列,3
行不通,3
著名,3
营商,3
菌草,3
获取,3
英才,3
节约型,3
良性,3
良好环境,3
至今,3
自由,3
自然,3
自我,3
自动化,3
脱颖而出,3
脉搏,3
能量,3
能源技术,3
能源安全,3
聚集,3
联盟,3
职责,3
老一辈,3
群体,3
网络空间,3
网络安全,3
缺乏,3
绩效,3
结果,3
经济体,3
组成部分,3
紧迫,3
紧紧,3
紧密结合,3
素养,3
系统集成,3
系列,3
精深,3
精心,3
篇章,3
简单,3
筑牢,3
第四,3
第二次,3
第三,3
竞技,3
称号,3
积极开展,3
科研工作,3
科教兴国,3
科技含量,3
科学素养,3
种植,3
社会公众,3
确立,3
硬件,3
研究成果,3
石油,3
知名品牌,3
相对,3
相信,3
相互,3
直面,3
监测,3
盐碱地,3
疾病,3
留下,3
生物制药,3
生存,3
生力军,3
生产能力,3
生产总值,3
理想,3
环境保护,3
牢记,3
牛鼻子,3
爱国主义,3
煤炭,3
潜在,3
演进,3
满腔热情,3
深空,3
深入研究,3
消耗,3
消化,3
涅槃,3
海外,3
浪潮,3
浙江大学,3
流通,3
流程,3
法律法规,3
油田,3
求实,3
水稻,3
气力,3
武器装备,3
根本性,3
根据,3
核聚变,3
极大,3
来自,3
机会,3
有限,3
有所为有所不为,3
最新,3
最好,3
最前沿,3
更趋,3
智库,3
是从,3
既要,3
无私奉献,3
无国界,3
无人区,3
施工,3
方针,3
新动力,3
斗争,3
数量,3
数据安全,3
数据共享,3
敞开大门,3
政策措施,3
政务,3
搭建,3
措施,3
推向,3
控制,3
探求,3
振兴,3
挂帅,3
拼搏,3
报国,3
投向,3
扩展,3
扎实,3
战胜,3
战斗力,3
战争,3
成才,3
成员,3
慧眼,3
感到,3
意志,3
急迫,3
快车道,3
形态,3
形式,3
当好,3
强盛,3
开放型,3
开拓,3
开发利用,3
开创,3
建功立业,3
底层,3
广阔,3
广大职工,3
并行,3
年轻人,3
干事,3
帮助,3
带领,3
市场主体,3
巩固,3
工艺,3
崇高,3
峰会,3
层次,3
尽早,3
尊重知识,3
射电,3
对于,3
密集型,3
家园,3
实践证明,3
实战,3
完备,3
安排,3
孩子,3
学生,3
学术性,3
奖励,3
奋起直追,3
奋斗者,3
奋发有为,3
奋勇争先,3
奉献,3
天问,3
天下,3
大省,3
大潮,3
大庆,3
大局,3
大协作,3
大力提高,3
大力加强,3
多种,3
多样化,3
多极化,3
多条,3
壮大,3
增值,3
基石,3
基因,3
城乡,3
垄断,3
坚守,3
在线教育,3
国际化,3
国际交流,3
国民经济,3
国情,3
国产化,3
国产,3
困难,3
因此,3
四是,3
四个,3
善于,3
商品,3
品格,3
和谐社会,3
后学,3
后备,3
同志,3
各方,3
可靠,3
可行,3
只争朝夕,3
另一方面,3
口径,3
叠加,3
变成,3
发起,3
发展观,3
发展中国家,3
反复,3
双轮,3
双循环,3
原理,3
原因,3
压力,3
占有,3
占优势,3
十年,3
十四五,3
十一五,3
北斗,3
努力奋斗,3
动态,3
动员,3
务实,3
功勋,3
办事,3
前沿技术,3
前提,3
创新力,3
分配,3
分布,3
出台,3
凤凰,3
减灾,3
决心,3
决定权,3
冰雪,3
农田,3
内容,3
关起门来,3
共赢,3
共同努力,3
公平竞争,3
公共卫生,3
全力,3
党建,3
光电子,3
先手棋,3
充满,3
充分调动,3
元器件,3
假设,3
倡导,3
供应,3
作贡献,3
位居,3
伟大事业,3
会议,3
优质,3
优秀青年,3
优秀人才,3
以水定,3
从而,3
从点,3
从根本上,3
亿美元,3
人梯,3
人机,3
人才资源,3
交流思想,3
交汇,3
互鉴,3
互联互通,3
争取,3
之光,3
主导作用,3
主导产业,3
主场,3
主动性,3
为先,3
为了,3
中药,3
严重,3
两个,3
专门,3
专家,3
与时俱进,3
与会代表,3
不确定性,3
不断涌现,3
不合理,3
不可,3
上升,3
万物,3
一路,3
一流大学,3
一流人才,3
一步一个脚印,3
一方面,3
一座,3
一带,3
一代人,3
21,3
鲜活,2
高铁,2
高耗能,2
高精尖,2
高端化,2
高科技,2
高品质,2
高兴,2
驱动力,2
马克思主义,2
首个,2
风能,2
领跑者,2
领导人,2
领军人物,2
预警,2
革新,2
革故鼎新,2
面貌,2
面向未来,2
面前,2
青年才俊,2
青年人,2
零部件,2
集智,2
集思广益,2
集团,2
集体,2
集中统一,2
雄心壮志,2
难点,2
难度,2
难以,2
防护,2
门槛,2
长期实践,2
锐意,2
销售市场,2
链条,2
铭记,2
铁路,2
钻研,2
钢铁,2
针对性,2
金融机构,2
金融服务,2
金融危机,2
重点学科,2
重心,2
重大项目,2
重复,2
释放出来,2
采样,2
采取,2
部队,2
那种,2
逼人,2
通力合作,2
适当,2
追逐,2
追踪,2
迸发,2
迫切,2
连续,2
进而,2
这么,2
返回,2
近期,2
运载火箭,2
运转,2
达成,2
辛勤劳动,2
身体健康,2
跻身,2
跨部门,2
跨学科,2
跨境,2
跟踪,2
跟不上,2
赶超,2
走向,2
资金投入,2
资源整合,2
资源共享,2
资本主义,2
资产,2
贯彻落实,2
质疑,2
财税,2
负责制,2
负责,2
诸多,2
语音,2
诞生,2
诚信,2
试剂,2
诊疗,2
识才,2
评审,2
证明,2
设置,2
论资排辈,2
论证,2
讲话,2
训练,2
讨不来,2
认真贯彻,2
认可,2
解放出来,2
要用,2
补短,2
行者,2
行星,2
行政,2
蜕变,2
藩篱,2
蓝色,2
蓄电池,2
落地,2
荣誉性,2
节约用水,2
节点,2
节水型,2
航空航天,2
航母,2
至关重要,2
至上,2
自然灾害,2
自强,2
腾笼,2
脱贫,2
脚步,2
胡锦涛,2
背景,2
肥料,2
联合国,2
联合作战,2
联合体,2
职称,2
职工群众,2
而战,2
而后,2
而且,2
老百姓,2
美好未来,2
美好,2
网上,2
编辑,2
绿色通道,2
综合利用,2
继续抓好,2
绝不能,2
经过,2
经济总量,2
终身,2
纳米,2
繁重,2
紧迫性,2
紧跟,2
精心组织,2
精华,2
粤港澳,2
粗放,2
管制,2
第五代,2
第五,2
第二产业,2
第三产业,2
第一线,2
第一位,2
第一个,2
立项,2
立足于,2
突飞猛进,2
突出贡献,2
空间科学,2
空白,2
空天,2
空前,2
税收,2
积极主动,2
科研项目,2
科研成果,2
科技兴农,2
科技产业,2
科学态度,2
科学事业,2
种质,2
种种,2
福建,2
神威,2
磁共振,2
碳化,2
硬骨头,2
砥砺,2
石油工业,2
知识型,2
知识分子,2
着眼于,2
眼睛,2
真知,2
真理,2
省属,2
省区市,2
相连,2
相对论,2
目光,2
益民,2
百舸争流,2
百千万,2
疏通,2
疆域,2
电子政务,2
电子信息,2
电动汽车,2
生机,2
生命安全,2
甘为,2
球面,2
现状,2
现代科技,2
现代科学,2
现代战争,2
环境治理,2
环境友好,2
环境压力,2
猜想,2
状况,2
特殊,2
特有,2
牢固,2
版图,2
爱港,2
爱护,2
爱才如命,2
爱因斯坦,2
煤基,2
煤化工,2
焕发,2
烯烃,2
激情,2
潜质,2
潜心,2
滞后,2
溯源,2
港口,2
清醒,2
深潜,2
深层次,2
深圳,2
深刻印象,2
深入基层,2
深入分析,2
淡泊名利,2
淘汰,2
涵养,2
浓厚,2
测控,2
活跃期,2
治学,2
汽车产业,2
污染物,2
汗水,2
求贤若渴,2
求证,2
永无止境,2
水电,2
水产业,2
气候,2
比十所,2
毒株,2
正式,2
欺凌,2
概念,2
楷模,2
植物,2
梯队,2
框架,2
栽培,2
格外,2
根基,2
枢纽,2
林业,2
极好,2
杰出,2
来说,2
来华,2
来到,2
杠杆,2
权利,2
机械化,2
本次,2
本届,2
本国,2
期盼,2
期望,2
服务大局,2
有赖于,2
有望,2
有效途径,2
有关,2
最强,2
最后,2
最具,2
最为,2
更能,2
更新,2
智慧结晶,2
普遍,2
显现,2
是因为,2
星空,2
明显增强,2
时艰,2
时代性,2
时不我待,2
早就,2
日益增长,2
无限,2
无论是,2
施肥,2
施展才华,2
施展,2
新药,2
新知,2
新格局,2
新技能,2
新世纪,2
文昌,2
整个,2
数据中心,2
敢于创新,2
教学,2
敏锐,2
政府职能,2
政党,2
放眼,2
放开,2
放大,2
攻破,2
支撑体系,2
支出,2
搞上去,2
揭榜,2
提速,2
提携,2
接着,2
探寻,2
捐赠,2
指挥棒,2
指挥,2
指导方针,2
拔尖,2
拉长,2
拉大,2
拆除,2
投入产出,2
抓起,2
抓住机遇,2
技能,2
技术革新,2
技术含量,2
承载,2
承诺,2
承接,2
找准,2
扶持,2
执法,2
打开,2
打压,2
扎扎实实,2
所谓,2
所用,2
所属,2
所在,2
所享,2
战略部署,2
战略地位,2
战法,2
战场,2
成功经验,2
恩格斯,2
恢复,2
总量,2
总结,2
总和,2
总体目标,2
总体,2
总书记,2
必然选择,2
心脏,2
心无旁骛,2
心信,2
微观世界,2
待遇,2
往往,2
当地,2
当今,2
归纳,2
归根到底,2
开阔,2
开门,2
开采,2
开通,2
开拓进取,2
开拓者,2
开动脑筋,2
应有,2
应变,2
广泛开展,2
幸福感,2
幸福,2
并存,2
年轻,2
年均,2
干细胞,2
市场需求,2
己任,2
工程师,2
工商企业,2
工匠,2
工具,2
工人阶级,2
崛起,2
岗位,2
山海,2
居民,2
就会,2
少数,2
尊崇,2
导航系统,2
导航,2
寻求,2
对话,2
对标,2
宽容,2
审查,2
审批,2
实验,2
实处,2
宝藏,2
定位,2
宏伟目标,2
完全,2
安全感,2
宇宙空间,2
学风,2
学科建设,2
学历,2
学会,2
学习型,2
孜孜,2
始终保持,2
如金,2
好奇,2
奖掖,2
奖励制度,2
奋战,2
夺取,2
失败,2
太阳能,2
太湖,2
天文学家,2
天文台,2
天地,2
大都市,2
大赛,2
大湾,2
大有可为,2
大有,2
大幅度,2
大师,2
大大,2
大多,2
大城市,2
大力推广,2
多点,2
多渠道,2
多方,2
多元化,2
外部,2
外资企业,2
外资,2
处理,2
墨子,2
增至,2
增添,2
增加值,2
填补,2
基层,2
基因组,2
培养能力,2
培养人才,2
城镇化,2
坚实基础,2
坚定信念,2
坚定信心,2
地表,2
地外,2
土地,2
图强,2
国际贸易,2
国际形势,2
国防建设,2
国门,2
国计民生,2
国家队,2
国之,2
唯才,2
响应,2
品质,2
咨询,2
命脉,2
周期长,2
周期,2
周围,2
告诉,2
呈现,2
吹响,2
吸纳,2
启示,2
启动,2
听取,2
同行,2
同等,2
同一,2
合成,2
合作项目,2
各展,2
号角,2
史学,2
只要,2
古今中外,2
变革性,2
变局,2
受益,2
受制于人,2
取决于,2
发达,2
发电,2
发明专利,2
发明,2
发挥作用,2
发布,2
发展壮大,2
双边,2
双向,2
友谊,2
友好,2
参加,2
原来,2
原材料,2
原型机,2
历史使命,2
卫生,2
博采众长,2
博览会,2
南极,2
单边主义,2
单位,2
华龙,2
千百年来,2
千帆竞发,2
十二五,2
十三,2
医用,2
医学,2
勤奋,2
勘查,2
勇闯,2
勇当,2
劳动密集型,2
劲头,2
励志,2
努力提高,2
加速器,2
加工,2
功以,2
办公,2
前沿科学,2
前景,2
前人,2
制品,2
制冰,2
判断,2
初步,2
初期,2
创科,2
创牌,2
创新性,2
创建,2
列强,2
切实增强,2
分钱,2
分类,2
分离,2
分物,2
分析,2
出身,2
出现,2
凭借,2
几千年,2
几代,2
几个,2
凝结,2
凝练,2
减少,2
准则,2
决胜,2
冠军,2
农副产品,2
农作物,2
农业科研,2
再造,2
再生资源,2
再生能源,2
再次,2
内部,2
内在,2
养老,2
养殖,2
养成,2
具体,2
其能,2
兴趣,2
关键时刻,2
关键作用,2
关怀,2
共克,2
公益性,2
公民,2
公共,2
八方,2
八大,2
全面提高,2
全力支持,2
全军,2
全党全国,2
全体,2
党的建设,2
党委,2
克服困难,2
克服,2
光谱,2
光荣传统,2
光子,2
先试,2
先行,2
先人,2
充满活力,2
充分认识,2
充分利用,2
充分体现,2
做出,2
倒逼,2
倍增,2
信贷,2
信任,2
保鲜,2
保障机制,2
保障体系,2
保险,2
便捷,2
依然,2
依存度,2
供需,2
使用权,2
使命感,2
作风,2
体会,2
住房,2
但是,2
传承,2
优质产品,2
优秀品质,2
优先发展,2
众多,2
企业界,2
价值观,2
价值体系,2
以新,2
以往,2
以后,2
以南,2
付出,2
从小,2
从中,2
仁东,2
什么,2
人必,2
人心,2
人尽其才,2
人与自然,2
产量,2
产出,2
产值,2
产业界,2
产业政策,2
交融,2
交易,2
交叉学科,2
亚洲,2
亚太经合组织,2
五是,2
五中全会,2
互利,2
争当,2
了解,2
书写,2
乘势而上,2
之道,2
主动仗,2
为此,2
为我所用,2
临床试验,2
丰碑,2
中起,2
中西医,2
中有,2
中央政治局,2
中国航天,2
中国美术学院,2
中国共产党,2
中医药,2
中东,2
个人,2
两翼,2
两张皮,2
丝绸之路,2
业由才,2
世界性,2
专业化,2
与会,2
不间断,2
不问,2
不论,2
不行,2
不畏,2
不来,2
不断完善,2
不拘一格,2
不愧为,2
不忘,2
不必要,2
不强,2
不小,2
不利于,2
不会,2
下大,2
下功夫,2
上海,2
三步走,2
三峡工程,2
万米,2
万众一心,2
万亿元,2
一门,2
一点,2
一旦,2
一座座,2
一场,2
一体,2
一件,2
C919,2
70,2
60,2
50,2
40,2
2035,2
2021,2
2020,2
2018,2
2016,2
2001,2
2.7,2
17,2
16,2
1000,2
100,2
龙门,1
龙头,1
齐飞,1
齐心合力,1
齐心协力,1
鼎新,1
默默,1
黑土地,1
黄金,1
黄河,1
黄大年,1
魅力,1
高超音速,1
高起点,1
高能,1
高耗,1
高等学校,1
高温,1
高档,1
高效益,1
高技能,1
高性能,1
高强度,1
高度负责,1
高尚,1
高于,1
骨气,1
骨干,1
验收,1
驾驭,1
驻浙,1
驶入,1
马钢,1
马克思,1
首艘,1
首航,1
首席专家,1
首创精神,1
馆舍,1
饱经,1
餐桌,1
食品安全,1
食品,1
飞行,1
飞船,1
飞天梦,1
风险性,1
风采,1
风清气,1
风浪,1
风格,1
风控,1
风云变幻,1
领路人,1
领衔,1
领航者,1
领头羊,1
领先水平,1
领先地位,1
预防,1
预言,1
预见,1
预测,1
预期,1
预料,1
顽强拼搏,1
顺畅,1
顺应时代,1
项目管理,1
顶点,1
鞠躬尽瘁,1
革故,1
革命化,1
革命军人,1
面源,1
面向社会,1
面向市场,1
静态,1
青年一代,1
霸权,1
霸主,1
霜天,1
霍金,1
霍尔,1
零碳,1
零散,1
零排放,1
零售,1
雪龙,1
集约经营,1
集约,1
集中精力,1
集中体现,1
雅量,1
雅林段,1
雄厚,1
难得,1
难关,1
难以解决,1
难以实现,1
隔绝,1
隔离,1
隐形,1
隐姓埋名,1
除旧布新,1
除了,1
院所,1
陡峭,1
陕北,1
降服,1
降到,1
降低生产,1
降低消耗,1
陈景润,1
陆相,1
陆域,1
阿方,1
阻碍,1
阻止,1
阶段性,1
阶梯,1
阵痛,1
阴霾,1
阴影,1
防线,1
防疫,1
防伪,1
阅读,1
阅历,1
问天,1
问卷调查,1
问世,1
闭关自守,1
闪耀,1
门类,1
长远利益,1
长足进步,1
长期存在,1
长效,1
长久,1
锲而不舍,1
锤炼,1
锚定,1
错过,1
错综复杂,1
错失,1
锐气,1
锐利武器,1
销不,1
链长,1
链接,1
链为,1
铺路石,1
铺路,1
铸就,1
银行,1
铁路网,1
铁基,1
钱学森,1
钱三强,1
针对,1
鉴定,1
金融体系,1
金砖,1
金点子,1
金属,1
金凤凰,1
量子论,1
量子力学,1
重金属,1
重要途径,1
重离子,1
重点项目,1
重大进展,1
重大成果,1
重大意义,1
重中之重,1
采收率,1
采取有效,1
配备,1
配合,1
部分,1
邻国,1
那样,1
那些,1
邓稼先,1
遵照,1
遵守,1
遴选,1
遭遇,1
遭受,1
遥感,1
遥三,1
遗传学,1
道德风尚,1
道德素质,1
道德教育,1
遍地开花,1
造诣,1
速滑,1
通盘,1
通往,1
通则,1
通俗,1
逐步形成,1
选题,1
选育,1
选好,1
逆流,1
适应能力,1
退休,1
退下来,1
迷信,1
连读,1
远远,1
远大,1
进村,1
进度,1
进口国,1
进一步提高,1
这使,1
运输,1
运行机制,1
运营者,1
运出去,1
迎来送往,1
迎来,1
迎接,1
过渡,1
过日子,1
过坎,1
迄今,1
迁徙,1
辽阔,1
边陲,1
边界,1
辩论,1
输电线,1
输变电,1
辐射,1
辅助,1
较量,1
软硬件,1
软硬,1
软件开发,1
软件产业,1
转动,1
转到,1
转入,1
身边,1
身手,1
身体力行,1
身体,1
踔厉奋发,1
路子走,1
路子,1
路上,1
跨行业,1
跨度,1
跨地区,1
跨国,1
跟进,1
跟上,1
跃升,1
跃上,1
越是,1
超车,1
超越,1
超级,1
超出,1
超低,1
超临界,1
起步,1
走近,1
走过,1
走廊,1
赛马,1
赛道,1
资金来源,1
资源库,1
资历,1
贺信,1
贷款,1
贵器,1
贴牌,1
贯穿,1
购粮,1
购物,1
贫富差距,1
贫困地区,1
贫困,1
质量第一,1
货运,1
责任意识,1
责任制,1
财政收入,1
财政投入,1
贡献力量,1
贝尔,1
豪情,1
谱写,1
调集,1
调整结构,1
课程体系,1
说明,1
说到底,1
话语权,1
话语,1
诚意,1
诗人,1
试跑,1
试行,1
试航,1
试点,1
试剂盒,1
诊断,1
识字,1
评选,1
评议,1
论断,1
许许多多,1
讲过,1
讲清楚,1
记录,1
记分卡,1
议题,1
认真落实,1
认同,1
认为,1
言传身教,1
言为士,1
解决问题,1
角度,1
视角,1
视场,1
规律性,1
观天,1
见贤思齐,1
见效,1
见成效,1
见到,1
覆盖面,1
覆盖,1
要紧,1
要敢,1
要带头,1
要养,1
要共担,1
要于,1
要严,1
西藏,1
西药,1
西方,1
裤腰带,1
装置,1
被动挨打,1
表示,1
衣食住行,1
衡量,1
行政区,1
行家里手,1
行为,1
行业协会,1
血与火,1
融资难,1
融资,1
融创,1
蝉联,1
蛟龙,1
蛋糕,1
虽然,1
虽九死,1
虚荣,1
薪酬,1
薄弱,1
蔓延,1
蓝天,1
蓄势待发,1
蒸汽机,1
落户,1
落实工作,1
营运,1
营收,1
菌物,1
菁华,1
获利,1
荣誉称号,1
荣誉,1
荟萃,1
荆棘,1
茉藜园,1
范式,1
茁壮成长,1
若干,1
苗头,1
花费,1
花大,1
节约使用,1
艺术,1
艰难险阻,1
艰难,1
艰辛,1
艰苦奋斗,1
艰苦创业,1
艰苦,1
良法,1
良方,1
良好氛围,1
良好条件,1
良好基础,1
良好习惯,1
船舶,1
航路,1
致远,1
致富,1
臭氧,1
自给率,1
自立,1
自爱,1
自然资源,1
自然规律,1
自有,1
自敬,1
自律,1
自强不息,1
自古,1
自主性,1
腾飞,1
脱胎换骨,1
脉冲星,1
脆弱,1
能源开发,1
能工巧匠,1
能否,1
背水一战,1
胆识,1
育才,1
育人,1
肩负着,1
肩膀,1
肆虐,1
聪明才智,1
聚智,1
聚才,1
联通,1
联系实际,1
联手,1
联合国教科文组织,1
联合国大会,1
职工,1
职业技能,1
耽误,1
耗费,1
耗材,1
耐盐碱,1
而用,1
而出,1
考虑,1
老路,1
翻天覆地,1
翱翔,1
翅膀,1
群英荟萃,1
群智,1
群星,1
群众组织,1
群众性,1
群众反映,1
美苏,1
美好愿望,1
美国进口,1
美国公司,1
美丽,1
罕见,1
网箱,1
罐头,1
缺水,1
缺少,1
缩短,1
编成,1
续写,1
绩效评价,1
绩效考核,1
继续发扬,1
统领,1
统计资料,1
统计调查,1
统治者,1
绝大多数,1
绝不,1
经贸关系,1
经营方式,1
经略,1
经济效益,1
经济大国,1
经常,1
经典力学,1
终结,1
细分,1
组网,1
组织者,1
组织系统,1
组织学,1
组织协调,1
组成,1
组合,1
纵深,1
纳米技术,1
纳入,1
纯洁性,1
纪念,1
纠缠,1
繁育,1
繁琐,1
繁文缛节,1
紫金山天文台,1
紧贴,1
紧要,1
紧紧抓住,1
紧紧围绕,1
紧抓,1
紧急,1
紧密联系,1
素质教育,1
系统性,1
系统工程,1
系到,1
系列化,1
系于,1
糟糕,1
精锐,1
精英,1
精耕细作,1
精细化,1
精简,1
精神面貌,1
精神财富,1
精度,1
粗浅,1
粗放型,1
粒子,1
类型,1
篱笆墙,1
管用,1
管理水平,1
管理机制,1
管理学,1
管理制度,1
管理体系,1
管理体制,1
算法,1
筛查,1
策源,1
答案,1
笼罩,1
第十二个,1
第六,1
第五位,1
第二条,1
第二届,1
第九次,1
第三十六,1
第三代,1
第一次,1
第一条,1
第一性,1
笑容,1
竹编,1
竭诚,1
章程,1
竞争机制,1
竖立,1
立足点,1
立新,1
立则,1
立体化,1
突破性,1
突如其来,1
突发事件,1
突出重点,1
空间信息,1
空气质量,1
穷则变,1
究其,1
稳粮,1
稳步,1
稳定增长,1
稳健,1
稳产,1
移山填海,1
积聚,1
积极支持,1
科贸,1
科研任务,1
科技队伍,1
科技知识,1
科技推广,1
科技战线,1
科技成就,1
科技型,1
科技园区,1
科技咨询,1
科技史,1
科学试验,1
科学论文,1
科学管理,1
科学界,1
科学性,1
科学幻想,1
科学实验,1
科学实践,1
科学化,1
科学分析,1
种苗,1
种粮,1
种出,1
离退休,1
离开,1
离岸,1
禀赋,1
神舟,1
神往,1
神州,1
祖冲之,1
祖先,1
社会风尚,1
社会科学,1
社会效益,1
社会性,1
社会保障,1
礼遇,1
磁浮,1
磁场,1
碳达峰,1
碳循环,1
确定性,1
确保安全,1
硬核,1
破四,1
研讨会,1
研究部署,1
研究所,1
研制成功,1
石化,1
短缺,1
短期,1
知道,1
知识经济,1
知识化,1
知疑,1
知心人,1
矢志不移,1
矢志,1
瞩目,1
着陆,1
着力点,1
眼光,1
真榜,1
真才实学,1
真刀真枪,1
看过,1
看病贵,1
看法,1
看不到,1
省部级,1
省级,1
省情,1
盾构,1
相辅相成,1
相继,1
相当于,1
相伴,1
相互尊重,1
相互依存,1
直径,1
盲目发展,1
盲从,1
盛会,1
监督,1
监测器,1
百年树人,1
登高望远,1
登上,1
痛苦,1
病魔,1
病毒性,1
病毒学,1
病患,1
病害,1
病因学,1
病原体,1
病原,1
疾病防治,1
疗效,1
疑惑,1
疑似病例,1
留学人员,1
留住,1
电网,1
电磁,1
电气化,1
电子,1
电商,1
申报,1
甲醇,1
由此可见,1
由于,1
用物,1
用活,1
用油,1
用武之地,1
用力,1
用于,1
生等,1
生物防治,1
生物质能,1
生物科技,1
生物科学,1
生物工程,1
生物学,1
生活状况,1
生油,1
生态系统,1
生态建设,1
甜头,1
甚大,1
甘当,1
甘做,1
甘于,1
理解能力,1
理解,1
理性,1
珠联璧合,1
现象,1
现代文明,1
环节,1
献身,1
猕猴,1
独立自主,1
独立性,1
独立思考,1
独立,1
独树一帜,1
独有,1
独创,1
犹未悔,1
状态,1
特高压,1
特质,1
特色产业,1
特种,1
特派员,1
特殊政策,1
特殊性,1
特新,1
特效药,1
牵引性,1
牵住,1
物资,1
物畅,1
物理性质,1
物理学家,1
物理学,1
物流网,1
物流,1
牢固确立,1
牟利,1
牌为,1
片面,1
爱才,1
爱岗敬业,1
爱尔兰,1
爱好,1
爱国精神,1
爱国卫生,1
爬坡,1
燃煤,1
燃烧,1
燃料,1
煮饭,1
煤气,1
煤制,1
热爱,1
热带,1
烟囱,1
烘干,1
炼化,1
点燃,1
点灯,1
灿烂,1
灵活,1
激活,1
澳门特别行政区政府,1
澎湃,1
潮头,1
演变,1
满天飞,1
溢出,1
源源不断,1
源头活水,1
湖北,1
港珠澳,1
温度,1
温室,1
渗透性,1
渗透,1
清除,1
清醒认识,1
添薪续力,1
添彩,1
深部,1
深远影响,1
深蓝,1
深水,1
深刻理解,1
深入群众,1
深入人心,1
涌动,1
涉险,1
涉猎,1
涉海,1
涉农,1
消费结构,1
消弭,1
海量,1
海试,1
海涂,1
海洋能,1
海洋生物,1
海洋学院,1
海水,1
海斗,1
海域,1
浴火重生,1
浩然正气,1
浩瀚无垠,1
浦东,1
浙江人,1
浓厚兴趣,1
测量,1
测序,1
流行病学,1
流行,1
流深,1
活泼,1
洞察,1
洗礼,1
注意,1
注定,1
法规,1
法治,1
法宝,1
泉水,1
沿线,1
沿着,1
沿海地区,1
沼气,1
治网,1
油层,1
河村,1
沃土,1
汤泡,1
污染环境,1
江海,1
江山,1
汇报,1
求索,1
求知,1
求是,1
求异,1
求实精神,1
求变,1
求之则,1
永久,1
永不,1
水资源量,1
水质,1
水情,1
水合物,1
水利,1
水三大,1
氢能,1
气魄,1
气质,1
气象,1
气派,1
气度,1
气冷,1
气体,1
民间,1
民营企业,1
民族英雄,1
民族之林,1
民众,1
民主决策,1
民主,1
毫秒,1
毛竹,1
比较突出,1
比特,1
比拼,1
比喻,1
每周,1
每一项,1
母机,1
殷切,1
死胡同,1
武汉东湖新技术开发区,1
步步为营,1
步入,1
此外,1
正道,1
正规化,1
正确方向,1
正是,1
正当竞争,1
正常,1
正如,1
正向,1
正以,1
正义,1
欲望,1
欢迎,1
模锻,1
模范,1
模拟,1
模仿,1
榜样,1
概括,1
检验,1
检疫,1
梳理,1
梯次,1
梨树,1
梧桐树,1
梦天,1
梁家,1
桥头堡,1
栽树,1
栽下,1
根系,1
根深,1
根本途径,1
根本任务,1
根子,1
核酸,1
核燃料,1
核心部件,1
核心内容,1
样车,1
样品,1
树高,1
标签,1
标准规范,1
某个,1
架构,1
林立,1
极端,1
极大丰富,1
杰出人才,1
杭州,1
来信,1
束缚,1
杜绝,1
李四光,1
权益,1
杂交,1
杀手锏,1
机理,1
机械,1
机床,1
机器人,1
本身,1
本职工作,1
本科生,1
本硕博,1
末年,1
未雨绸缪,1
未形,1
朝着,1
朝气蓬勃,1
朝气,1
服役,1
服务平台,1
服务化,1
服务中心,1
有识之士,1
有色,1
有着,1
有益于,1
有没有,1
有权,1
有机物,1
有效率,1
有所前进,1
有所创造,1
有意识,1
有志气,1
有助于,1
有利,1
月球,1
最高奖,1
最长,1
最近,1
最深处,1
最多,1
最初,1
最先,1
曾经,1
更长,1
更深,1
更是,1
更实,1
更多地,1
更具,1
暴发,1
暗流,1
智联,1
智汇,1
普及教育,1
显著标志,1
显示,1
显现出来,1
星系,1
明确任务,1
明白,1
明朝,1
明显提高,1
明显增加,1
时间表,1
时速,1
时空,1
时代特征,1
早日,1
日趋,1
日落而息,1
日常,1
日出而作,1
既用,1
既有,1
既显,1
既定目标,1
既定,1
无谓,1
无论,1
无穷的,1
无穷,1
无畏,1
无源之水,1
无法,1
无止境,1
无本之木,1
无数,1
无人机,1
无不,1
旅游,1
施展抱负,1
方阵,1
方舱,1
方位,1
新高,1
新馆,1
新颖,1
新途径,1
新进展,1
新篇章,1
新理念,1
新机制,1
新工艺,1
新局,1
新家园,1
新品种,1
新台阶,1
断供,1
文艺复兴,1
文盲,1
文明古国,1
文学,1
文化氛围,1
文化交流,1
整体素质,1
整体性,1
整体实力,1
整体优势,1
数理化,1
数次,1
数控机床,1
数学家,1
数学,1
数字信息,1
数均,1
数化,1
散裂,1
教训,1
教育引导,1
教育家,1
教育培养,1
教授,1
救援,1
救助,1
敏捷,1
敏感,1
效能型,1
效用,1
政策性,1
政治经济,1
政治素质,1
政务信息,1
放电,1
放手,1
放宽,1
改进,1
改良,1
收集,1
收获,1
收效,1
收官,1
收入,1
支点,1
支柱性,1
支柱,1
支付,1
擦肩而过,1
操控,1
摩擦,1
摒弃,1
摆脱,1
携起手来,1
搭桥,1
搞清楚,1
搞好,1
援外,1
揭示,1
插队,1
插上,1
提振,1
提前,1
提交,1
描绘,1
推陈出新,1
推行,1
推广先进,1
推动者,1
推力,1
控制力,1
接近,1
接触,1
接班人,1
接替,1
探路者,1
探索性,1
探测器,1
掘进,1
排斥,1
排头兵,1
掌控,1
授权量,1
损失,1
捕集,1
振荡,1
振奋,1
挨打,1
挥发性,1
挖潜力,1
挖井,1
指标,1
指出,1
持续时间,1
持之以恒,1
持久,1
拧成一股绳,1
拥护,1
拓宽,1
拒绝,1
拉美,1
拉紧,1
担纲,1
抽象,1
抽调,1
抽样调查,1
抵御,1
抬头,1
报表,1
抢建,1
折枝,1
抗菌,1
抗美援朝战争,1
抗疫战,1
投运,1
投入品,1
抓实,1
抓准,1
抑制,1
技术骨干,1
技术难题,1
技术转让,1
技术引进,1
技术密集,1
技术培训,1
承载能力,1
承诺制,1
找矿,1
批判性,1
批判,1
扶贫,1
扭转,1
扭住,1
扩大开放,1
执着,1
执政党,1
托卡马克,1
打通关,1
打破砂锅问到底,1
打牢,1
打头阵,1
打印,1
打个,1
扎紧,1
才者,1
才干,1
才尽其用,1
手脚,1
手机,1
所说,1
所善,1
战略规划,1
战略眼光,1
战机,1
战术,1
战乱,1
我举,1
成绩,1
成矿,1
成因,1
成功实践,1
成事,1
戈登,1
愿意,1
感性,1
感兴趣,1
意味着,1
愈出,1
想象力,1
惠民,1
惊天动地,1
悟空,1
恪守,1
恒心,1
总额,1
总结经验,1
总理,1
总师,1
性障碍,1
思辨,1
思潮,1
思想道德,1
思想观念,1
思想库,1
怎样,1
怀着,1
怀特海,1
怀柔,1
快车,1
快捷,1
忧患意识,1
忘记,1
志愿者,1
志愿军,1
志向,1
必广其途,1
心血,1
心系,1
心理学,1
心怀,1
得力,1
得以,1
得人心,1
征信,1
彻底,1
彪炳史册,1
彩超,1
形式主义,1
形势逼人,1
当年,1
当作,1
当代世界,1
当代,1
当今社会,1
归根结底,1
强弱,1
强度,1
强县,1
强势,1
强则,1
强农,1
强中,1
弹道导弹,1
弱项,1
弱点,1
弯道,1
弥合,1
张江,1
引进技术,1
引起,1
引用,1
引来,1
引才,1
引发,1
引力波,1
引入,1
弊端,1
弄通,1
开路先锋,1
开放性,1
开拓性,1
开发者,1
开发技术,1
开发区,1
建设者,1
建设性,1
建言献策,1
建筑,1
建材,1
建到,1
延川县,1
庞大,1
底蕴,1
底色,1
底气,1
应酬,1
应景,1
应接不暇,1
应变能力,1
序列,1
广覆盖,1
广袤,1
广泛性,1
广为,1
幻想,1
并重,1
并用,1
并举,1
并且,1
年代,1
平等互利,1
平等,1
平稳,1
平战结合,1
平安,1
平坦,1
干预,1
干部队伍,1
干部战士,1
干起,1
干扰,1
干劲,1
帽子,1
常态,1
带头人,1
带动性,1
帅才,1
市场机制,1
市场前景,1
巴布亚新几内亚,1
已达,1
已知,1
已有,1
差异化,1
巨目,1
巨大贡献,1
巨大变化,1
巨人,1
左右,1
工艺品,1
工程化,1
工矿企业,1
工本,1
工商界,1
工商,1
工作力度,1
工人,1
工业体系,1
巡视,1
巡天,1
川藏,1
巅峰,1
崇文,1
崇德,1
山路,1
属于,1
展现出,1
展开,1
展区,1
展出,1
屏障,1
屈原,1
居于,1
局部战争,1
尽量减少,1
尽可能,1
尽力,1
尽其理,1
就业结构,1
就业机会,1
尤其,1
尤为,1
尝试,1
尝到了,1
尖端科技,1
尖端科学,1
尖端,1
少量,1
少年,1
小镇,1
小进,1
小至,1
小而散,1
小疑,1
小发明,1
小于,1
尊重群众,1
将来,1
将士,1
封锁起来,1
封建社会,1
封存,1
导师,1
导向性,1
对脑,1
对美,1
对立,1
对此,1
对应,1
对外部,1
富民,1
富有成效,1
富有,1
富强,1
富尔,1
富于,1
密钥,1
密度,1
密切相关,1
密切协作,1
寄予,1
宽广,1
容才,1
家电,1
家政,1
家家户户,1
家国,1
宣布,1
宣传教育,1
客机,1
审评,1
审时度势,1
审定,1
实验舱,1
实践者,1
实走,1
实质性,1
实质,1
实证,1
实用化,1
实用,1
实榜,1
实效,1
实实在在,1
实事,1
宝库,1
宜居,1
宛然,1
定期,1
定力,1
定产,1
官兵,1
官僚主义,1
宏观指导,1
宏观世界,1
宏伟蓝图,1
安身立命,1
安民,1
安心,1
安徽,1
安康,1
安全隐患,1
安全监管,1
安全性,1
安全可靠,1
守望相助,1
宁波大学,1
孵化器,1
孵化,1
学贵,1
学说,1
学者,1
学科专业,1
学派,1
学术权威,1
学术期刊,1
孤立,1
存量,1
存储,1
娃娃,1
威慑,1
始发,1
妥善处理,1
妥善,1
妄自菲薄,1
妄自尊大,1
如期,1
如何,1
如今,1
好比,1
好头,1
好大,1
好处,1
好事,1
好不好,1
女性,1
奖项,1
奔腾,1
奔涌,1
契合点,1
奋进,1
奋起,1
奋楫者,1
奋勇,1
奉献精神,1
头雁,1
失衡,1
太阳系,1
太阳,1
天鲲,1
天险,1
天象,1
天舟,1
天眼,1
天性,1
天宫,1
大院,1
大道,1
大进,1
大豆,1
大计,1
大至,1
大疫,1
大疑,1
大熊猫,1
大灾,1
大桥,1
大有作为,1
大方向,1
大户,1
大幅提高,1
大展宏图,1
大大提高,1
大型软件,1
大后,1
大势所趋,1
大动脉,1
大力支持,1
大分子,1
大兵团,1
大众性,1
夜郎自大,1
夜以继日,1
多重,1
多款,1
多层次,1
多家,1
多办,1
多元,1
多作,1
外籍,1
外国,1
外化,1
复杂度,1
复合型,1
复兴号,1
处置,1
处理不当,1
壮美,1
壮士断腕,1
增长极,1
增量,1
增收,1
增幅,1
增大,1
增多,1
增创,1
增产,1
境界,1
境地,1
境内,1
基建,1
基因学,1
基于,1
培植,1
埋头苦干,1
埃德加,1
坦途,1
坚持不懈,1
坚持下去,1
坚忍不拔,1
坚决贯彻,1
坐底,1
坐冷板凳,1
均衡,1
地质队,1
地质,1
地理环境,1
地球村,1
地热能,1
地核,1
地形,1
地中海,1
地下,1
在线,1
在此期间,1
在政治上,1
在思想上,1
在于,1
在世界上,1
圈子,1
圆满,1
图谱,1
图像识别,1
国际天文学联合会,1
国防,1
国运,1
国资,1
国策,1
国家级,1
国家有关,1
国家主权,1
国外同类,1
国企,1
围墙,1
园区,1
团队精神,1
团结起来,1
因势利导,1
回报,1
回归,1
回升,1
四海,1
四期,1
四方,1
四号,1
嘉年华,1
喻为,1
喜悦,1
善始善终,1
善养,1
商标,1
商会,1
商业化,1
唯有,1
唯在,1
唯一,1
哲学家,1
哲学,1
哪个,1
品种改良,1
品种,1
品牌化,1
品位,1
咬紧牙关,1
和领军,1
和衷共济,1
命门,1
呼声,1
呼唤,1
呵护,1
告别,1
呈现出,1
启迪,1
听从,1
否定,1
向质,1
向着,1
向来,1
向外,1
向前,1
后过渡期,1
后续,1
后期,1
后天下之乐而乐,1
后备军,1
后勤部长,1
后勤保障,1
后劲,1
名目繁多,1
名校,1
名利,1
同频,1
同比,1
同步,1
同年,1
同学,1
同台,1
同党,1
合理布局,1
各项政策,1
各项任务,1
各尽其,1
各个领域,1
各个系统,1
各个环节,1
各个方面,1
各个,1
吃饭问题,1
吃饭,1
司法,1
号召,1
叶茂,1
可靠性,1
可降解,1
可编程,1
可喜可贺,1
可喜,1
可及,1
可信,1
召唤,1
叫做,1
只能,1
只充,1
只会,1
只不过,1
古典,1
古人,1
古之初,1
变量,1
变贴,1
变动,1
变则通,1
受到,1
取向,1
发端,1
发明创造,1
发掘,1
发扬光大,1
发展前景,1
发射能力,1
发射成功,1
发动机,1
发动,1
发出,1
反掌,1
反常,1
反对,1
反哺,1
反向,1
反制,1
双翼,1
双升,1
双刃剑,1
及海试,1
又快又好,1
参观,1
参军,1
参与者,1
去年,1
厦门,1
原竹,1
原油,1
原则,1
厚积薄发,1
厚德,1
压水堆,1
压力机,1
历险,1
历程,1
历时,1
即使,1
危机感,1
危机,1
印迹,1
印证,1
印度洋,1
占领,1
占有量,1
博鳌,1
博弈,1
博大胸怀,1
博大精深,1
南非,1
南繁,1
南北,1
南仁东,1
单项,1
单纯,1
单元,1
单一,1
卓越贡献,1
协力,1
华山,1
半导体,1
升空,1
千载难逢,1
千家万户,1
千千万万个,1
千千万万,1
千公里,1
千余,1
千万,1
十年磨一剑,1
十年树木,1
十多年,1
十分必要,1
十分关心,1
十六大,1
医院,1
医药卫生,1
医药,1
医籍,1
医疗卫生,1
区要,1
区域性,1
区域化,1
区内,1
匹配,1
匮乏,1
北京市,1
化解,1
化缘,1
化工原料,1
化工,1
化发展,1
化危,1
化不来,1
包装,1
包干制,1
勤奋学习,1
勤勉,1
勤劳,1
勒紧,1
勇进者,1
勇立,1
勇担,1
勇士,1
勇于开拓,1
势能,1
势力,1
劳苦,1
劳动效率,1
劳动力,1
劳作,1
努力学习,1
助残,1
动物,1
动植物,1
动摇,1
动向,1
劣势,1
加紧,1
加法,1
加快步伐,1
加工水平,1
加剧,1
加倍努力,1
加以解决,1
加以,1
功能定位,1
功夫,1
功不可没,1
办理,1
办公室,1
力量对比,1
力求,1
力气,1
剧烈,1
前面,1
前途无量,1
前赴后继,1
前行,1
前来,1
刻苦,1
刻不容缓,1
制胜,1
制剂,1
到来,1
别国,1
利用率,1
利用效率,1
利民,1
利器,1
判明,1
判断力,1
初级,1
初加工,1
创造精神,1
创造条件,1
创造力,1
创制,1
创先争优,1
创业投资,1
创下,1
刚性,1
刚刚,1
列车,1
切入点,1
分裂,1
分级,1
分散,1
分工协作,1
分工,1
分发,1
分区,1
分割,1
函数,1
出题者,1
出版,1
出束,1
出征,1
出处,1
出售,1
出口额,1
出口国,1
出去,1
出击,1
凡是,1
凡事,1
几百年,1
几点,1
几次,1
几年,1
几何级数,1
凝聚力,1
凝才,1
减碳,1
减法,1
减弱,1
冷门,1
冷链,1
决策者,1
决不能,1
冲突,1
冲破,1
冲动,1
冰上,1
冠状病毒,1
农药,1
农耕,1
农科教,1
农田水利,1
农用,1
农机具,1
农技员,1
农技,1
农惠农,1
农作,1
农业机械,1
农业产业,1
军转民,1
军兵种,1
军事训练,1
军事科学,1
军事实力,1
冒风险,1
再立新功,1
再生产,1
再生,1
内需,1
内外部,1
内外,1
内化,1
兼职,1
兼有,1
兼并,1
兼容并蓄,1
养之贵素,1
具备条件,1
其行,1
其流,1
其次,1
其同,1
兵种,1
兴盛,1
兴旺,1
兴军,1
兴业,1
关键问题,1
关键时期,1
关键所在,1
关键在于,1
关口,1
关乎,1
共生,1
共治,1
共推,1
共振,1
共护,1
共存,1
共圆,1
共同理想,1
共同愿望,1
共同奋斗,1
共同任务,1
六国,1
公路,1
公益,1
公司,1
公元前,1
八面来风,1
八版,1
全面实现,1
全部,1
全速,1
全省,1
全村,1
全心全意,1
全天,1
全国代表大会,1
全党,1
全体人员,1
入户,1
入世,1
党的领导,1
党务,1
免疫学,1
克隆,1
光辉,1
光源,1
先锋,1
先进典型,1
先进事迹,1
先行一步,1
先生,1
先导性,1
先天下之忧而忧,1
先后,1
充电,1
充实,1
充分运用,1
充分说明,1
充分证明,1
允许,1
催化,1
储运,1
储能,1
储粮,1
健康成长,1
停息,1
做起,1
做大,1
偏高,1
倾斜,1
值得,1
修建,1
信用,1
信息网络,1
信息系统,1
信息港,1
信念,1
保护环境,1
保密,1
保存,1
保健食品,1
促农,1
便利化,1
便利,1
侵犯,1
依规,1
依照,1
依存关系,1
例子,1
例如,1
使人享,1
作物,1
余心,1
何由考,1
体验,1
体量,1
体育事业,1
体细胞,1
体制性,1
低迷,1
低端,1
低水平,1
低毒,1
低效,1
位势,1
但求,1
但同,1
伴生,1
伦理道德,1
传道,1
传统工艺,1
传染病,1
传染性,1
传染,1
传播速度,1
传播者,1
传感,1
传媒,1
伟业,1
会战,1
伙伴,1
优长,1
优越性,1
优越,1
优良品种,1
优秀成果,1
优惠,1
优化组合,1
优做,1
众流,1
休闲,1
休戚与共,1
企图,1
份额,1
任职,1
价格,1
价廉,1
价值观念,1
仪器设备,1
仪器,1
以草代木,1
以节,1
以水,1
以民为本,1
以此,1
以核,1
以工,1
以外,1
以城带,1
以储,1
以低,1
以下,1
令人高兴,1
令人瞩目,1
令人欣慰,1
令人感动,1
代有,1
仓储,1
从无到有,1
从总体上,1
从小到大,1
从头,1
从事,1
今非昔比,1
亿多,1
人造,1
人财物,1
人爱,1
人民解放军,1
人民团体,1
人民军队,1
人材,1
人敬,1
人才辈出,1
人才济济,1
人才库,1
人才学,1
人师,1
人多地少,1
人均,1
人口老龄化,1
人力资本,1
人出,1
人为,1
亮点,1
享受,1
产能,1
产粮,1
产权,1
产品开发,1
产品安全,1
产业群,1
交锋,1
交通系统,1
交织,1
交流活动,1
亟待解决,1
亚太经济,1
五轴,1
五百米,1
五年,1
五国,1
互补,1
互联,1
互相促进,1
互惠互利,1
互学,1
互为,1
云网,1
于行,1
于田,1
于心,1
于库,1
于市,1
二靠,1
二要,1
二十大,1
二七,1
事迹,1
事物,1
事业心,1
事业单位,1
争霸,1
争先,1
予以,1
买不来,1
乡村,1
乡亲们,1
习惯,1
九章,1
九死一生,1
九五,1
乐于,1
乌镇,1
之难,1
之际,1
之计,1
之要,1
之深,1
之气,1
之期,1
之易,1
之快,1
之广,1
之大世所,1
之基,1
之地,1
之后,1
之友,1
之力,1
之冠,1
之义,1
之上,1
主题鲜明,1
主要矛盾,1
主线,1
主导权,1
主导型,1
主力,1
为民,1
为机,1
临门一脚,1
丰衣足食,1
丰硕,1
丰富多彩,1
丰厚,1
中非,1
中长期,1
中选优,1
中要,1
中西部,1
中西药,1
中育,1
中美,1
中继,1
中科院,1
中爱,1
中来,1
中拉,1
中心环节,1
中微子,1
中开,1
中小,1
中子源,1
中外,1
中坚,1
中国科技馆,1
中国天文学会,1
中华儿女,1
中华人民共和国,1
中共中央,1
中介,1
中人,1
中亚,1
个人隐私,1
丧失,1
严格控制,1
两项,1
两次,1
两极,1
两国人民,1
两只,1
东风,1
东非,1
东盟国家,1
东北,1
业务流程,1
业务,1
世范,1
世界潮流,1
世界大战,1
世界大国,1
世人,1
世世代代,1
世上,1
专精,1
专业性,1
专业人才,1
不高,1
不通,1
不设,1
不计,1
不良,1
不能生存,1
不管,1
不算,1
不竭,1
不稳定性,1
不稳固,1
不相适应,1
不畏艰难,1
不畏艰险,1
不用,1
不甘落后,1
不明,1
不断深入,1
不断扩大,1
不断前进,1
不断丰富,1
不拒,1
不慕,1
不多,1
不可或缺,1
不可偏废,1
不变,1
不到,1
不利,1
不准,1
不再,1
不但,1
不乏,1
下水,1
下来,1
下定决心,1
下决心,1
下一代,1
上远,1
上行,1
上学,1
上半年,1
上下,1
三要,1
三药,1
三省,1
三物,1
三方,1
三峡,1
三大,1
三农,1
三元,1
三代,1
三产,1
三中全会,1
万吨,1
七大,1
一靠,1
一部分,1
一轮,1
一跃,1
一贯,1
一般,1
一致,1
一股劲,1
一穷二白,1
一盘棋,1
一百年,1
一百多年,1
一百多个,1
一百周年,1
一生,1
一片,1
一极,1
一条龙,1
一把,1
一往无前,1
一年多来,1
一席之地,1
一市,1
一家,1
一如既往,1
一套,1
一大步,1
一块,1
一国两制,1
一味,1
一周,1
一半,1
一位,1
一以贯之,1
一代代,1
一个个,1
CT,1
9424,1
90,1
76,1
75,1
70%,1
65%,1
62,1
600,1
6.3%,1
560,1
5000,1
50%,1
4630,1
4000,1
3D,1
3000,1
300,1
30,1
28,1
2500,1
250,1
25%,1
2300,1
23.5%,1
2025,1
2019,1
2017,1
2015,1
2014,1
2010,1
2003,1
2000,1
200,1
20.7%,1
2.5%,1
1980,1
1968,1
1961,1
1934,1
1928,1
1922,1
18,1
16.7%,1
15,1
13,1
1.5%,1
